date,draw_id,model,log_gain,w_uniform,w_sparse_single_ball,w_spike_slab
2002-09-02,SYN-0061,uniform,0.0,0.5,0.25,0.25
2002-09-02,SYN-0061,sparse_single_ball,0.011042528314685995,0.5,0.25,0.25
2002-09-02,SYN-0061,spike_slab,0.018825803445423617,0.5,0.25,0.25
2002-09-02,SYN-0061,online_mixture,0.007498775824473114,0.5,0.25,0.25
2002-09-03,SYN-0062,uniform,0.0,0.4990758324240906,0.25022083922405747,0.25070332835185183
2002-09-03,SYN-0062,sparse_single_ball,-0.013863623925935542,0.4990758324240906,0.25022083922405747,0.25070332835185183
2002-09-03,SYN-0062,spike_slab,-0.02375877412923444,0.4990758324240906,0.25022083922405747,0.25070332835185183
2002-09-03,SYN-0062,online_mixture,-0.009375043219925772,0.4990758324240906,0.25022083922405747,0.25070332835185183
2002-09-04,SYN-0063,uniform,0.0,0.5002491215158771,0.24994314479345378,0.249807733690669
2002-09-04,SYN-0063,sparse_single_ball,0.015283436131312556,0.5002491215158771,0.24994314479345378,0.249807733690669
2002-09-04,SYN-0063,spike_slab,0.02594211172675287,0.5002491215158771,0.24994314479345378,0.249807733690669
2002-09-04,SYN-0063,online_mixture,0.010360802914174627,0.5002491215158771,0.24994314479345378,0.249807733690669
2002-09-05,SYN-0064,uniform,0.0,0.4989710860945539,0.25025122015308704,0.25077769375235903
2002-09-05,SYN-0064,sparse_single_ball,0.00523964212339223,0.4989710860945539,0.25025122015308704,0.25077769375235903
2002-09-05,SYN-0064,spike_slab,0.00885984072843371,0.4989710860945539,0.25025122015308704,0.25077769375235903
2002-09-05,SYN-0064,online_mixture,0.0035401165859987316,0.4989710860945539,0.25025122015308704,0.25077769375235903
2002-09-06,SYN-0065,uniform,0.0,0.4985450322060728,0.250354321300241,0.25110064649368613
2002-09-06,SYN-0065,sparse_single_ball,-0.003343529048432714,0.4985450322060728,0.250354321300241,0.25110064649368613
2002-09-06,SYN-0065,spike_slab,-0.006158210077185089,0.4985450322060728,0.250354321300241,0.25110064649368613
2002-09-06,SYN-0065,online_mixture,-0.002380078241806416,0.4985450322060728,0.250354321300241,0.25110064649368613
2002-09-07,SYN-0066,uniform,0.0,0.49885365420478434,0.25029124146908754,0.2508551043261282
2002-09-07,SYN-0066,sparse_single_ball,0.018321876094887557,0.49885365420478434,0.25029124146908754,0.2508551043261282
2002-09-07,SYN-0066,spike_slab,0.031499737097632874,0.49885365420478434,0.25029124146908754,0.2508551043261282
2002-09-07,SYN-0066,online_mixture,0.0125762992767946,0.49885365420478434,0.25029124146908754,0.2508551043261282
2002-09-08,SYN-0067,uniform,0.0,0.49732299112509815,0.25064863151076044,0.25202837736414135
2002-09-08,SYN-0067,sparse_single_ball,0.013948981706235486,0.49732299112509815,0.25064863151076044,0.25202837736414135
2002-09-08,SYN-0067,spike_slab,0.024326121861715677,0.49732299112509815,0.25064863151076044,0.25202837736414135
2002-09-08,SYN-0067,online_mixture,0.009679842179131981,0.49732299112509815,0.25064863151076044,0.25202837736414135
2002-09-09,SYN-0068,uniform,0.0,0.49616458721679,0.2509095791224666,0.2529258336607434
2002-09-09,SYN-0068,sparse_single_ball,-0.00568385848192321,0.49616458721679,0.2509095791224666,0.2529258336607434
2002-09-09,SYN-0068,spike_slab,-0.010717083030346686,0.49616458721679,0.2509095791224666,0.2529258336607434
2002-09-09,SYN-0068,online_mixture,-0.004126746452634222,0.49616458721679,0.2509095791224666,0.2529258336607434
2002-09-10,SYN-0069,uniform,0.0,0.49671089356265447,0.25080427151070256,0.252484834926643
2002-09-10,SYN-0069,sparse_single_ball,0.004683420914783909,0.49671089356265447,0.25080427151070256,0.252484834926643
2002-09-10,SYN-0069,spike_slab,0.00783815603596949,0.49671089356265447,0.25080427151070256,0.252484834926643
2002-09-10,SYN-0069,online_mixture,0.0031591732005828987,0.49671089356265447,0.25080427151070256,0.252484834926643
2002-09-11,SYN-0070,uniform,0.0,0.49635607205100096,0.2508911209025037,0.25275280704649533
2002-09-11,SYN-0070,sparse_single_ball,0.0006988397425899961,0.49635607205100096,0.2508911209025037,0.25275280704649533
2002-09-11,SYN-0070,spike_slab,0.0005751278568908447,0.49635607205100096,0.2508911209025037,0.25275280704649533
2002-09-11,SYN-0070,online_mixture,0.0003207495097612423,0.49635607205100096,0.2508911209025037,0.25275280704649533
2002-09-12,SYN-0071,uniform,0.0,0.496353114191326,0.25090569093031256,0.25274119487836144
2002-09-12,SYN-0071,sparse_single_ball,-0.026129359931733376,0.496353114191326,0.25090569093031256,0.25274119487836144
2002-09-12,SYN-0071,spike_slab,-0.04489666725155672,0.496353114191326,0.25090569093031256,0.25274119487836144
2002-09-12,SYN-0071,online_mixture,-0.017723512285712673,0.496353114191326,0.25090569093031256,0.25274119487836144
2002-09-13,SYN-0072,uniform,0.0,0.49858832554140314,0.25038353493205495,0.25102813952654185
2002-09-13,SYN-0072,sparse_single_ball,-0.019966452152608838,0.49858832554140314,0.25038353493205495,0.25102813952654185
2002-09-13,SYN-0072,spike_slab,-0.03229966744216384,0.49858832554140314,0.25038353493205495,0.25102813952654185
2002-09-13,SYN-0072,online_mixture,-0.013012569035218746,0.49858832554140314,0.25038353493205495,0.25102813952654185
2002-09-14,SYN-0073,uniform,0.0,0.5002196180420764,0.2499535405928696,0.249826841365054
2002-09-14,SYN-0073,sparse_single_ball,0.015119748764803376,0.5002196180420764,0.2499535405928696,0.249826841365054
2002-09-14,SYN-0073,spike_slab,0.025963186973712027,0.5002196180420764,0.2499535405928696,0.249826841365054
2002-09-14,SYN-0073,online_mixture,0.010325692879508352,0.5002196180420764,0.2499535405928696,0.249826841365054
2002-09-15,SYN-0074,uniform,0.0,0.4989462778353116,0.25025355544302924,0.25080016672165917
2002-09-15,SYN-0074,sparse_single_ball,-0.0003393920842569287,0.4989462778353116,0.25025355544302924,0.25080016672165917
2002-09-15,SYN-0074,spike_slab,-0.0007971429445845502,0.4989462778353116,0.25025355544302924,0.25080016672165917
2002-09-15,SYN-0074,online_mixture,-0.00028480413801190707,0.4989462778353116,0.25025355544302924,0.25080016672165917
2002-09-16,SYN-0075,uniform,0.0,0.4989919915025304,0.25024764134298916,0.2507603671544804
2002-09-16,SYN-0075,sparse_single_ball,-0.0021202472503496494,0.4989919915025304,0.25024764134298916,0.2507603671544804
2002-09-16,SYN-0075,spike_slab,-0.004019128431053787,0.4989919915025304,0.25024764134298916,0.2507603671544804
2002-09-16,SYN-0075,online_mixture,-0.0015370209109981658,0.4989919915025304,0.25024764134298916,0.2507603671544804
2002-09-17,SYN-0076,uniform,0.0,0.49919206103672914,0.2502091098957967,0.2505988290674741
2002-09-17,SYN-0076,sparse_single_ball,0.015704493131980968,0.49919206103672914,0.2502091098957967,0.2505988290674741
2002-09-17,SYN-0076,spike_slab,0.026734013371111587,0.49919206103672914,0.2502091098957967,0.2505988290674741
2002-09-17,SYN-0076,online_mixture,0.010692918776008753,0.49919206103672914,0.2502091098957967,0.2505988290674741
2002-09-18,SYN-0077,uniform,0.0,0.4978867105175258,0.25052054093254716,0.2515927485499269
2002-09-18,SYN-0077,sparse_single_ball,-0.00677008698185233,0.4978867105175258,0.25052054093254716,0.2515927485499269
2002-09-18,SYN-0077,spike_slab,-0.0123382262559808,0.4978867105175258,0.25052054093254716,0.2515927485499269
2002-09-18,SYN-0077,online_mixture,-0.0047868930727901216,0.4978867105175258,0.25052054093254716,0.2515927485499269
2002-09-19,SYN-0078,uniform,0.0,0.49849930689489447,0.2503930212885799,0.25110767181652566
2002-09-19,SYN-0078,sparse_single_ball,-0.007068733016609485,0.49849930689489447,0.2503930212885799,0.25110767181652566
2002-09-19,SYN-0078,spike_slab,-0.012487760674723347,0.49849930689489447,0.2503930212885799,0.25110767181652566
2002-09-19,SYN-0078,online_mixture,-0.004891940861263322,0.49849930689489447,0.2503930212885799,0.25110767181652566
2002-09-20,SYN-0079,uniform,0.0,0.4991195214422898,0.2502548676573671,0.2506256109003431
2002-09-20,SYN-0079,sparse_single_ball,-0.014777175587596503,0.4991195214422898,0.2502548676573671,0.2506256109003431
2002-09-20,SYN-0079,spike_slab,-0.024491638588891362,0.4991195214422898,0.2502548676573671,0.2506256109003431
2002-09-20,SYN-0079,online_mixture,-0.00978223532783673,0.4991195214422898,0.2502548676573671,0.2506256109003431
2002-09-21,SYN-0080,uniform,0.0,0.5003432441911904,0.2499456423847977,0.24971111342401195
2002-09-21,SYN-0080,sparse_single_ball,-0.0067610004597931095,0.5003432441911904,0.2499456423847977,0.24971111342401195
2002-09-21,SYN-0080,spike_slab,-0.011485128438842196,0.5003432441911904,0.2499456423847977,0.24971111342401195
2002-09-21,SYN-0080,online_mixture,-0.004546058100835637,0.5003432441911904,0.2499456423847977,0.24971111342401195
2002-09-22,SYN-0081,uniform,0.0,0.5009041886558953,0.24980975070486836,0.2492860606392364
2002-09-22,SYN-0081,sparse_single_ball,0.0071478140882099694,0.5009041886558953,0.24980975070486836,0.2492860606392364
2002-09-22,SYN-0081,spike_slab,0.012125144319846015,0.5009041886558953,0.24980975070486836,0.2492860606392364
2002-09-22,SYN-0081,online_mixture,0.004821377550978667,0.5009041886558953,0.24980975070486836,0.2492860606392364
2002-09-23,SYN-0082,uniform,0.0,0.5002990042297649,0.24995614417707696,0.24974485159315812
2002-09-23,SYN-0082,sparse_single_ball,-0.0012994522444209622,0.5002990042297649,0.24995614417707696,0.24974485159315812
2002-09-23,SYN-0082,spike_slab,-0.0025161519294343293,0.5002990042297649,0.24995614417707696,0.24974485159315812
2002-09-23,SYN-0082,online_mixture,-0.0009526548434699578,0.5002990042297649,0.24995614417707696,0.24974485159315812
2002-09-24,SYN-0083,uniform,0.0,0.500414040601592,0.2499351547270959,0.24965080467131207
2002-09-24,SYN-0083,sparse_single_ball,0.006079498892720636,0.500414040601592,0.2499351547270959,0.24965080467131207
2002-09-24,SYN-0083,spike_slab,0.010087226582648157,0.500414040601592,0.2499351547270959,0.24965080467131207
2002-09-24,SYN-0083,online_mixture,0.004046937102810233,0.500414040601592,0.2499351547270959,0.24965080467131207
2002-09-25,SYN-0084,uniform,0.0,0.4999097817347648,0.2500619930784421,0.250028225186793
2002-09-25,SYN-0084,sparse_single_ball,0.0023915589358729505,0.4999097817347648,0.2500619930784421,0.250028225186793
2002-09-25,SYN-0084,spike_slab,0.0037080314896513755,0.4999097817347648,0.2500619930784421,0.250028225186793
2002-09-25,SYN-0084,online_mixture,0.0015264216515973317,0.4999097817347648,0.2500619930784421,0.250028225186793
2002-09-26,SYN-0085,uniform,0.0,0.49972197726590845,0.2501149815993754,0.2501630411347161
2002-09-26,SYN-0085,sparse_single_ball,-0.03984084326135928,0.49972197726590845,0.2501149815993754,0.2501630411347161
2002-09-26,SYN-0085,spike_slab,-0.06603302593525484,0.49972197726590845,0.2501149815993754,0.2501630411347161
2002-09-26,SYN-0085,online_mixture,-0.02609177956246711,0.49972197726590845,0.2501149815993754,0.2501630411347161
2002-09-27,SYN-0086,uniform,0.0,0.5029989449420673,0.2492823040399172,0.24771875101801538
2002-09-27,SYN-0086,sparse_single_ball,0.0021895885819489536,0.5029989449420673,0.2492823040399172,0.24771875101801538
2002-09-27,SYN-0086,spike_slab,0.003488526047309648,0.5029989449420673,0.2492823040399172,0.24771875101801538
2002-09-27,SYN-0086,online_mixture,0.0014111100208431537,0.5029989449420673,0.2492823040399172,0.24771875101801538
2002-09-28,SYN-0087,uniform,0.0,0.5027934179317821,0.24933756717564953,0.24786901489256835
2002-09-28,SYN-0087,sparse_single_ball,-0.01880424067975639,0.5027934179317821,0.24933756717564953,0.24786901489256835
2002-09-28,SYN-0087,spike_slab,-0.03084057223993142,0.5027934179317821,0.24933756717564953,0.24786901489256835
2002-09-28,SYN-0087,online_mixture,-0.012247233574711913,0.5027934179317821,0.24933756717564953,0.24786901489256835
2002-09-29,SYN-0088,uniform,0.0,0.5042999107968165,0.24894384610680048,0.24675624309638303
2002-09-29,SYN-0088,sparse_single_ball,-0.00584653590834705,0.5042999107968165,0.24894384610680048,0.24675624309638303
2002-09-29,SYN-0088,spike_slab,-0.009638181675075685,0.5042999107968165,0.24894384610680048,0.24675624309638303
2002-09-29,SYN-0088,online_mixture,-0.0038253772314789103,0.5042999107968165,0.24894384610680048,0.24675624309638303
2002-09-30,SYN-0089,uniform,0.0,0.5047353851437636,0.24883029447371208,0.24643432038252422
2002-09-30,SYN-0089,sparse_single_ball,-0.0010922716523680265,0.5047353851437636,0.24883029447371208,0.24643432038252422
2002-09-30,SYN-0089,spike_slab,-0.0019296043482270875,0.5047353851437636,0.24883029447371208,0.24643432038252422
2002-09-30,SYN-0089,online_mixture,-0.0007469830665911559,0.5047353851437636,0.24883029447371208,0.24643432038252422
2002-10-01,SYN-0090,uniform,0.0,0.5047813853611425,0.2488207428231455,0.24639787181571193
2002-10-01,SYN-0090,sparse_single_ball,-0.005941735013287541,0.5047813853611425,0.2488207428231455,0.24639787181571193
2002-10-01,SYN-0090,spike_slab,-0.0099391737546064,0.5047813853611425,0.2488207428231455,0.24639787181571193
2002-10-01,SYN-0090,online_mixture,-0.003918571987398423,0.5047813853611425,0.2488207428231455,0.24639787181571193
2002-10-02,SYN-0091,uniform,0.0,0.5052242014802458,0.2487083825066894,0.24606741601306473
2002-10-02,SYN-0091,sparse_single_ball,0.0030143442054111347,0.5052242014802458,0.2487083825066894,0.24606741601306473
2002-10-02,SYN-0091,spike_slab,0.004658358031015553,0.5052242014802458,0.2487083825066894,0.24606741601306473
2002-10-02,SYN-0091,online_mixture,0.001897965589414241,0.5052242014802458,0.2487083825066894,0.24606741601306473
2002-10-03,SYN-0092,uniform,0.0,0.5049348762150574,0.2487901198120579,0.2462750039728847
2002-10-03,SYN-0092,sparse_single_ball,0.0018033202360889788,0.5049348762150574,0.2487901198120579,0.2462750039728847
2002-10-03,SYN-0092,spike_slab,0.002634707226928157,0.5049348762150574,0.2487901198120579,0.2462750039728847
2002-10-03,SYN-0092,online_mixture,0.0010981678873456246,0.5049348762150574,0.2487901198120579,0.2462750039728847
2002-10-04,SYN-0093,uniform,0.0,0.504748368304852,0.24884567294016688,0.24640595875498103
2002-10-04,SYN-0093,sparse_single_ball,-0.0013608583825188703,0.504748368304852,0.24884567294016688,0.24640595875498103
2002-10-04,SYN-0093,spike_slab,-0.0022039736855710146,0.504748368304852,0.24884567294016688,0.24640595875498103
2002-10-04,SYN-0093,online_mixture,-0.0008812758409071364,0.504748368304852,0.24884567294016688,0.24640595875498103
2002-10-05,SYN-0094,uniform,0.0,0.5048110315753044,0.24882770115387734,0.24636126727081828
2002-10-05,SYN-0094,sparse_single_ball,-0.003406485455776931,0.5048110315753044,0.24882770115387734,0.24636126727081828
2002-10-05,SYN-0094,spike_slab,-0.005869103529100528,0.5048110315753044,0.24882770115387734,0.24636126727081828
2002-10-05,SYN-0094,online_mixture,-0.002290491987583465,0.5048110315753044,0.24882770115387734,0.24636126727081828
2002-10-06,SYN-0095,uniform,0.0,0.5050494654346324,0.24877084652244416,0.24617968804292345
2002-10-06,SYN-0095,sparse_single_ball,-0.01031721345815484,0.5050494654346324,0.24877084652244416,0.24617968804292345
2002-10-06,SYN-0095,spike_slab,-0.016762156630854008,0.5050494654346324,0.24877084652244416,0.24617968804292345
2002-10-06,SYN-0095,online_mixture,-0.006667717433295195,0.5050494654346324,0.24877084652244416,0.24617968804292345
2002-10-07,SYN-0096,uniform,0.0,0.5058355142288495,0.24855971016047265,0.24560477561067773
2002-10-07,SYN-0096,sparse_single_ball,0.001197526092774126,0.5058355142288495,0.24855971016047265,0.24560477561067773
2002-10-07,SYN-0096,spike_slab,0.0015040670708188486,0.5058355142288495,0.24855971016047265,0.24560477561067773
2002-10-07,SYN-0096,online_mixture,0.0006672963443179469,0.5058355142288495,0.24855971016047265,0.24560477561067773
2002-10-08,SYN-0097,uniform,0.0,0.505693646288504,0.2486067449519168,0.24569960875957914
2002-10-08,SYN-0097,sparse_single_ball,0.009360511643677683,0.505693646288504,0.2486067449519168,0.24569960875957914
2002-10-08,SYN-0097,spike_slab,0.014625960185689735,0.505693646288504,0.2486067449519168,0.24569960875957914
2002-10-08,SYN-0097,online_mixture,0.0059403341391330855,0.505693646288504,0.2486067449519168,0.24569960875957914
2002-10-09,SYN-0098,uniform,0.0,0.5048956168264349,0.2488321195409828,0.2462722636325823
2002-10-09,SYN-0098,sparse_single_ball,0.0009417255323107554,0.5048956168264349,0.2488321195409828,0.2462722636325823
2002-10-09,SYN-0098,spike_slab,0.0009283674848532542,0.5048956168264349,0.2488321195409828,0.2462722636325823
2002-10-09,SYN-0098,online_mixture,0.00046307202017459304,0.5048956168264349,0.2488321195409828,0.2462722636325823
2002-10-10,SYN-0099,uniform,0.0,0.5047888079992032,0.24887328348947169,0.24633790851132498
2002-10-10,SYN-0099,sparse_single_ball,0.006001792411382212,0.5047888079992032,0.24887328348947169,0.24633790851132498
2002-10-10,SYN-0099,spike_slab,0.009044706188142015,0.5047888079992032,0.24887328348947169,0.24633790851132498
2002-10-10,SYN-0099,online_mixture,0.0037293748892714973,0.5047888079992032,0.24887328348947169,0.24633790851132498
2002-10-11,SYN-0100,uniform,0.0,0.5042759215537815,0.2490249155110739,0.24669916293514446
2002-10-11,SYN-0100,sparse_single_ball,-0.0005278172824247918,0.5042759215537815,0.2490249155110739,0.24669916293514446
2002-10-11,SYN-0100,spike_slab,-0.0014468700390608547,0.5042759215537815,0.2490249155110739,0.24669916293514446
2002-10-11,SYN-0100,online_mixture,-0.0004882076541008473,0.5042759215537815,0.2490249155110739,0.24669916293514446
2002-10-12,SYN-0101,uniform,0.0,0.5042941146735953,0.2490322331070178,0.24667365221938672
2002-10-12,SYN-0101,sparse_single_ball,0.002459410526000738,0.5042941146735953,0.2490322331070178,0.24667365221938672
2002-10-12,SYN-0101,spike_slab,0.0031664888720470685,0.5042941146735953,0.2490322331070178,0.24667365221938672
2002-10-12,SYN-0101,online_mixture,0.001394580730490702,0.5042941146735953,0.2490322331070178,0.24667365221938672
2002-10-13,SYN-0102,uniform,0.0,0.5040772376926863,0.2491075979171966,0.24681516439011703
2002-10-13,SYN-0102,sparse_single_ball,0.01265587349670838,0.5040772376926863,0.2491075979171966,0.24681516439011703
2002-10-13,SYN-0102,spike_slab,0.019747175667834682,0.5040772376926863,0.2491075979171966,0.24681516439011703
2002-10-13,SYN-0102,online_mixture,0.008062463064273828,0.5040772376926863,0.2491075979171966,0.24681516439011703
2002-10-14,SYN-0103,uniform,0.0,0.5030349643222873,0.24940154896227054,0.2475634867154421
2002-10-14,SYN-0103,sparse_single_ball,0.007743519579811675,0.5030349643222873,0.24940154896227054,0.2475634867154421
2002-10-14,SYN-0103,spike_slab,0.011665740079038756,0.5030349643222873,0.24940154896227054,0.2475634867154421
2002-10-14,SYN-0103,online_mixture,0.004831972012528496,0.5030349643222873,0.24940154896227054,0.2475634867154421
2002-10-15,SYN-0104,uniform,0.0,0.5024045777486004,0.2495879087796747,0.2480075134717248
2002-10-15,SYN-0104,sparse_single_ball,-0.04362252921189125,0.5024045777486004,0.2495879087796747,0.2480075134717248
2002-10-15,SYN-0104,spike_slab,-0.06421256181106472,0.5024045777486004,0.2495879087796747,0.2480075134717248
2002-10-15,SYN-0104,online_mixture,-0.026424335275081035,0.5024045777486004,0.2495879087796747,0.2480075134717248
2002-10-16,SYN-0105,uniform,0.0,0.505713601787697,0.24854984030256588,0.2457365579097372
2002-10-16,SYN-0105,sparse_single_ball,0.003916151255094036,0.505713601787697,0.24854984030256588,0.2457365579097372
2002-10-16,SYN-0105,spike_slab,0.006014097459225098,0.505713601787697,0.24854984030256588,0.2457365579097372
2002-10-16,SYN-0105,online_mixture,0.0024545887991216375,0.505713601787697,0.24854984030256588,0.2457365579097372
2002-10-17,SYN-0106,uniform,0.0,0.505349647540187,0.2486544223876142,0.24599593007219875
2002-10-17,SYN-0106,sparse_single_ball,0.0017671324327039883,0.505349647540187,0.2486544223876142,0.24599593007219875
2002-10-17,SYN-0106,spike_slab,0.0025352527972408723,0.505349647540187,0.2486544223876142,0.24599593007219875
2002-10-17,SYN-0106,online_mixture,0.001063680966169045,0.505349647540187,0.2486544223876142,0.24599593007219875
2002-10-18,SYN-0107,uniform,0.0,0.5051631874424943,0.24871120209582734,0.24612561046167825
2002-10-18,SYN-0107,sparse_single_ball,0.0023903410974810413,0.5051631874424943,0.24871120209582734,0.24612561046167825
2002-10-18,SYN-0107,spike_slab,0.003489545575327213,0.5051631874424943,0.24871120209582734,0.24612561046167825
2002-10-18,SYN-0107,online_mixture,0.0014545241817920385,0.5051631874424943,0.24871120209582734,0.24612561046167825
2002-10-19,SYN-0108,uniform,0.0,0.5049298406256076,0.24878175522725318,0.24628840414713918
2002-10-19,SYN-0108,sparse_single_ball,-5.553854656170643e-07,0.5049298406256076,0.24878175522725318,0.24628840414713918
2002-10-19,SYN-0108,spike_slab,-0.0004632100659449634,0.5049298406256076,0.24878175522725318,0.24628840414713918
2002-10-19,SYN-0108,online_mixture,-0.00011420154022800943,0.5049298406256076,0.24878175522725318,0.24628840414713918
2002-10-20,SYN-0109,uniform,0.0,0.5048948160700075,0.24880093628300273,0.2463042476469897
2002-10-20,SYN-0109,sparse_single_ball,-0.0028996455569867408,0.5048948160700075,0.24880093628300273,0.2463042476469897
2002-10-20,SYN-0109,spike_slab,-0.005084173657852631,0.5048948160700075,0.24880093628300273,0.2463042476469897
2002-10-20,SYN-0109,online_mixture,-0.0019714071526664156,0.5048948160700075,0.24880093628300273,0.2463042476469897
2002-10-21,SYN-0110,uniform,0.0,0.5050924924195449,0.24875587958306292,0.24615162799739224
2002-10-21,SYN-0110,sparse_single_ball,0.009269619312863853,0.5050924924195449,0.24875587958306292,0.24615162799739224
2002-10-21,SYN-0110,spike_slab,0.01440276699879206,0.5050924924195449,0.24875587958306292,0.24615162799739224
2002-10-21,SYN-0110,online_mixture,0.005870247385548311,0.5050924924195449,0.24875587958306292,0.24615162799739224
2002-10-22,SYN-0111,uniform,0.0,0.5043100531640391,0.24897858245406573,0.24671136438189525
2002-10-22,SYN-0111,sparse_single_ball,-0.00199308387191266,0.5043100531640391,0.24897858245406573,0.24671136438189525
2002-10-22,SYN-0111,spike_slab,-0.003730604906831303,0.5043100531640391,0.24897858245406573,0.24671136438189525
2002-10-22,SYN-0111,online_mixture,-0.0014154101943724129,0.5043100531640391,0.24897858245406573,0.24671136438189525
2002-10-23,SYN-0112,uniform,0.0,0.5044437638594723,0.24895325747876937,0.24660297866175826
2002-10-23,SYN-0112,sparse_single_ball,0.005234603369341784,0.5044437638594723,0.24895325747876937,0.24660297866175826
2002-10-23,SYN-0112,spike_slab,0.007768699079761632,0.5044437638594723,0.24895325747876937,0.24660297866175826
2002-10-23,SYN-0112,online_mixture,0.0032246288216057906,0.5044437638594723,0.24895325747876937,0.24660297866175826
2002-10-24,SYN-0113,uniform,0.0,0.5039974248921615,0.24908786478379613,0.2469147103240423
2002-10-24,SYN-0113,sparse_single_ball,0.007312413951712671,0.5039974248921615,0.24908786478379613,0.2469147103240423
2002-10-24,SYN-0113,spike_slab,0.011114067578894549,0.5039974248921615,0.24908786478379613,0.2469147103240423
2002-10-24,SYN-0113,online_mixture,0.004577151410636304,0.5039974248921615,0.24908786478379613,0.2469147103240423
2002-10-25,SYN-0114,uniform,0.0,0.5033879001492153,0.24926620240452024,0.24734589744626442
2002-10-25,SYN-0114,sparse_single_ball,0.007854094577584902,0.5033879001492153,0.24926620240452024,0.24734589744626442
2002-10-25,SYN-0114,spike_slab,0.011991214666991823,0.5033879001492153,0.24926620240452024,0.24734589744626442
2002-10-25,SYN-0114,online_mixture,0.0049370930721366335,0.5033879001492153,0.24926620240452024,0.24734589744626442
2002-10-26,SYN-0115,uniform,0.0,0.5027405420488834,0.24945418416285436,0.24780527378826217
2002-10-26,SYN-0115,sparse_single_ball,0.0031047228497911306,0.5027405420488834,0.24945418416285436,0.24780527378826217
2002-10-26,SYN-0115,spike_slab,0.004103041735401547,0.5027405420488834,0.24945418416285436,0.24780527378826217
2002-10-26,SYN-0115,online_mixture,0.001792925512411614,0.5027405420488834,0.24945418416285436,0.24780527378826217
2002-10-27,SYN-0116,uniform,0.0,0.5024902530617213,0.24954072385905982,0.24796902307921892
2002-10-27,SYN-0116,sparse_single_ball,0.004475652668283203,0.5024902530617213,0.24954072385905982,0.24796902307921892
2002-10-27,SYN-0116,spike_slab,0.006148102465321159,0.5024902530617213,0.24954072385905982,0.24796902307921892
2002-10-27,SYN-0116,online_mixture,0.0026450944163087797,0.5024902530617213,0.24954072385905982,0.24796902307921892
2002-10-28,SYN-0117,uniform,0.0,0.5021368432677582,0.24965857157712726,0.2482045851551146
2002-10-28,SYN-0117,sparse_single_ball,0.00890987937361487,0.5021368432677582,0.24965857157712726,0.2482045851551146
2002-10-28,SYN-0117,spike_slab,0.013431003257529994,0.5021368432677582,0.24965857157712726,0.2482045851551146
2002-10-28,SYN-0117,online_mixture,0.005574922346113453,0.5021368432677582,0.24965857157712726,0.2482045851551146
2002-10-29,SYN-0118,uniform,0.0,0.5014246816912826,0.24986892242473363,0.2487063958839836
2002-10-29,SYN-0118,sparse_single_ball,0.01055937976771304,0.5014246816912826,0.24986892242473363,0.2487063958839836
2002-10-29,SYN-0118,spike_slab,0.01611624885914864,0.5014246816912826,0.24986892242473363,0.2487063958839836
2002-10-29,SYN-0118,online_mixture,0.0066708278007716615,0.5014246816912826,0.24986892242473363,0.2487063958839836
2002-10-30,SYN-0119,uniform,0.0,0.5005855023061202,0.25011194962401995,0.24930254806985983
2002-10-30,SYN-0119,sparse_single_ball,-0.05323329613363725,0.5005855023061202,0.25011194962401995,0.24930254806985983
2002-10-30,SYN-0119,spike_slab,-0.0781400856775889,0.5005855023061202,0.25011194962401995,0.24930254806985983
2002-10-30,SYN-0119,online_mixture,-0.032218452989368984,0.5005855023061202,0.25011194962401995,0.24930254806985983
2002-10-31,SYN-0120,uniform,0.0,0.5046414271847928,0.24883996899966143,0.24651860381554583
2002-10-31,SYN-0120,sparse_single_ball,0.003448302321007901,0.5046414271847928,0.24883996899966143,0.24651860381554583
2002-10-31,SYN-0120,spike_slab,0.005128919143231769,0.5046414271847928,0.24883996899966143,0.24651860381554583
2002-10-31,SYN-0120,online_mixture,0.0021249193281605017,0.5046414271847928,0.24883996899966143,0.24651860381554583
2002-11-01,SYN-0121,uniform,0.0,0.5043299148720056,0.24893320129250346,0.2467368838354909
2002-11-01,SYN-0121,sparse_single_ball,-0.0031844103939704382,0.5043299148720056,0.24893320129250346,0.2467368838354909
2002-11-01,SYN-0121,spike_slab,-0.0055515365223790525,0.5043299148720056,0.24893320129250346,0.2467368838354909
2002-11-01,SYN-0121,online_mixture,-0.00215974892948978,0.5043299148720056,0.24893320129250346,0.2467368838354909
2002-11-02,SYN-0122,uniform,0.0,0.5045565272066278,0.2488808728736953,0.24656259991967697
2002-11-02,SYN-0122,sparse_single_ball,0.0009529346571746089,0.5045565272066278,0.2488808728736953,0.24656259991967697
2002-11-02,SYN-0122,spike_slab,0.00098155757833851,0.5045565272066278,0.2488808728736953,0.24656259991967697
2002-11-02,SYN-0122,online_mixture,0.00047929956858183687,0.5045565272066278,0.2488808728736953,0.24656259991967697
2002-11-03,SYN-0123,uniform,0.0,0.5044511226272546,0.2489212462586181,0.24662763111412717
2002-11-03,SYN-0123,sparse_single_ball,0.007843760144428558,0.5044511226272546,0.2489212462586181,0.24662763111412717
2002-11-03,SYN-0123,spike_slab,0.012058058505406422,0.5044511226272546,0.2489212462586181,0.24662763111412717
2002-11-03,SYN-0123,online_mixture,0.00493978725244304,0.5044511226272546,0.2489212462586181,0.24662763111412717
2002-11-04,SYN-0124,uniform,0.0,0.5037915102623892,0.24911162911510765,0.24709686062250316
2002-11-04,SYN-0124,sparse_single_ball,0.0024363951115518034,0.5037915102623892,0.24911162911510765,0.24709686062250316
2002-11-04,SYN-0124,spike_slab,0.0032413937450002095,0.5037915102623892,0.24911162911510765,0.24709686062250316
2002-11-04,SYN-0124,online_mixture,0.0014089190296360243,0.5037915102623892,0.24911162911510765,0.24709686062250316
2002-11-05,SYN-0125,uniform,0.0,0.5035780480651577,0.2491839185331363,0.247238033401706
2002-11-05,SYN-0125,sparse_single_ball,-0.031082674643535313,0.5035780480651577,0.2491839185331363,0.247238033401706
2002-11-05,SYN-0125,spike_slab,-0.04545117694341627,0.5035780480651577,0.2491839185331363,0.247238033401706
2002-11-05,SYN-0125,online_mixture,-0.018787260091386315,0.5035780480651577,0.2491839185331363,0.247238033401706
2002-11-06,SYN-0126,uniform,0.0,0.5059076719218221,0.24844395115051005,0.24564837692766783
2002-11-06,SYN-0126,sparse_single_ball,0.001706685391795304,0.5059076719218221,0.24844395115051005,0.24564837692766783
2002-11-06,SYN-0126,spike_slab,0.0024387055080268283,0.5059076719218221,0.24844395115051005,0.24564837692766783
2002-11-06,SYN-0126,online_mixture,0.0010236487059671617,0.5059076719218221,0.24844395115051005,0.24564837692766783
2002-11-07,SYN-0127,uniform,0.0,0.5057204917686285,0.24850154131301863,0.24577796691835282
2002-11-07,SYN-0127,sparse_single_ball,-0.007629819316136377,0.5057204917686285,0.24850154131301863,0.24577796691835282
2002-11-07,SYN-0127,spike_slab,-0.012093266275766013,0.5057204917686285,0.24850154131301863,0.24577796691835282
2002-11-07,SYN-0127,online_mixture,-0.004854931671939511,0.5057204917686285,0.24850154131301863,0.24577796691835282
2002-11-08,SYN-0128,uniform,0.0,0.5062725817448223,0.24834653327140957,0.24538088498376812
2002-11-08,SYN-0128,sparse_single_ball,0.008533066280847379,0.5062725817448223,0.24834653327140957,0.24538088498376812
2002-11-08,SYN-0128,spike_slab,0.013139140625238355,0.5062725817448223,0.24834653327140957,0.24538088498376812
2002-11-08,SYN-0128,online_mixture,0.005359206360289193,0.5062725817448223,0.24834653327140957,0.24538088498376812
2002-11-09,SYN-0129,uniform,0.0,0.5055402813927319,0.24855896527763785,0.2459007533296303
2002-11-09,SYN-0129,sparse_single_ball,0.008201901683214885,0.5055402813927319,0.24855896527763785,0.2459007533296303
2002-11-09,SYN-0129,spike_slab,0.012696876455443373,0.5055402813927319,0.24855896527763785,0.2459007533296303
2002-11-09,SYN-0129,online_mixture,0.005175699013882706,0.5055402813927319,0.24855896527763785,0.2459007533296303
2002-11-10,SYN-0130,uniform,0.0,0.5048391014932249,0.24876029978797196,0.2464005987188032
2002-11-10,SYN-0130,sparse_single_ball,-0.01814869638265293,0.5048391014932249,0.24876029978797196,0.2464005987188032
2002-11-10,SYN-0130,spike_slab,-0.026998245949595656,0.5048391014932249,0.24876029978797196,0.2464005987188032
2002-11-10,SYN-0130,online_mixture,-0.011098702861353615,0.5048391014932249,0.24876029978797196,0.2464005987188032
2002-11-11,SYN-0131,uniform,0.0,0.5061858154169799,0.24834217402710054,0.24547201055591952
2002-11-11,SYN-0131,sparse_single_ball,-0.002401050964021323,0.5061858154169799,0.24834217402710054,0.24547201055591952
2002-11-11,SYN-0131,spike_slab,-0.0039002039220150664,0.5061858154169799,0.24834217402710054,0.24547201055591952
2002-11-11,SYN-0131,online_mixture,-0.0015522974407744528,0.5061858154169799,0.24834217402710054,0.24547201055591952
2002-11-12,SYN-0132,uniform,0.0,0.5063185976657818,0.24830665285097897,0.24537474948323912
2002-11-12,SYN-0132,sparse_single_ball,0.0015238675940381086,0.5063185976657818,0.24830665285097897,0.24537474948323912
2002-11-12,SYN-0132,spike_slab,0.0021962184962447395,0.5063185976657818,0.24830665285097897,0.24537474948323912
2002-11-12,SYN-0132,online_mixture,0.0009177424232440501,0.5063185976657818,0.24830665285097897,0.24537474948323912
2002-11-13,SYN-0133,uniform,0.0,0.5061404622098008,0.2483608602887901,0.2454986775014092
2002-11-13,SYN-0133,sparse_single_ball,0.0010917320063263958,0.5061404622098008,0.2483608602887901,0.2454986775014092
2002-11-13,SYN-0133,spike_slab,0.0014824395623271869,0.5061404622098008,0.2483608602887901,0.2454986775014092
2002-11-13,SYN-0133,online_mixture,0.0006352965612350658,0.5061404622098008,0.2483608602887901,0.2454986775014092
2002-11-14,SYN-0134,uniform,0.0,0.5059995007575863,0.2484053200241991,0.2455951792182146
2002-11-14,SYN-0134,sparse_single_ball,0.005930859585902226,0.5059995007575863,0.2484053200241991,0.2455951792182146
2002-11-14,SYN-0134,spike_slab,0.009112847458105477,0.5059995007575863,0.2484053200241991,0.2455951792182146
2002-11-14,SYN-0134,online_mixture,0.0037190105165478826,0.5059995007575863,0.2484053200241991,0.2455951792182146
2002-11-15,SYN-0135,uniform,0.0,0.5054746933111316,0.24855764405597425,0.24596766263289419
2002-11-15,SYN-0135,sparse_single_ball,0.0006047638500348285,0.5054746933111316,0.24855764405597425,0.24596766263289419
2002-11-15,SYN-0135,spike_slab,0.0007087624839776652,0.5054746933111316,0.24855764405597425,0.24596766263289419
2002-11-15,SYN-0135,online_mixture,0.0003247058643012224,0.5054746933111316,0.24855764405597425,0.24596766263289419
2002-11-16,SYN-0136,uniform,0.0,0.5053793308205048,0.2485892993467984,0.24603136983269683
2002-11-16,SYN-0136,sparse_single_ball,0.009340869847527244,0.5053793308205048,0.2485892993467984,0.24603136983269683
2002-11-16,SYN-0136,spike_slab,0.01449160180906972,0.5053793308205048,0.2485892993467984,0.24603136983269683
2002-11-16,SYN-0136,online_mixture,0.005906787592408591,0.5053793308205048,0.2485892993467984,0.24603136983269683
2002-11-17,SYN-0137,uniform,0.0,0.5045890672132898,0.24881567609424415,0.24659525669246607
2002-11-17,SYN-0137,sparse_single_ball,0.006223773187695514,0.5045890672132898,0.24881567609424415,0.24659525669246607
2002-11-17,SYN-0137,spike_slab,0.009592020894221065,0.5045890672132898,0.24881567609424415,0.24659525669246607
2002-11-17,SYN-0137,online_mixture,0.003922425988648115,0.5045890672132898,0.24881567609424415,0.24659525669246607
2002-11-18,SYN-0138,uniform,0.0,0.5040543574287817,0.24896967455580848,0.2469759680154098
2002-11-18,SYN-0138,sparse_single_ball,0.0056119092975563944,0.5040543574287817,0.24896967455580848,0.2469759680154098
2002-11-18,SYN-0138,spike_slab,0.008593268165274282,0.5040543574287817,0.24896967455580848,0.2469759680154098
2002-11-18,SYN-0138,online_mixture,0.0035263738492581354,0.5040543574287817,0.24896967455580848,0.2469759680154098
2002-11-19,SYN-0139,uniform,0.0,0.5035747206083434,0.24910883866519837,0.2473164407264583
2002-11-19,SYN-0139,sparse_single_ball,0.009346375239385196,0.5035747206083434,0.24910883866519837,0.2473164407264583
2002-11-19,SYN-0139,spike_slab,0.014632918630169911,0.5035747206083434,0.24910883866519837,0.2473164407264583
2002-11-19,SYN-0139,online_mixture,0.005966910565206263,0.5035747206083434,0.24910883866519837,0.2473164407264583
2002-11-20,SYN-0140,uniform,0.0,0.5027976809930462,0.24932710844041614,0.2478752105665375
2002-11-20,SYN-0140,sparse_single_ball,-0.014243272098187987,0.5027976809930462,0.24932710844041614,0.2478752105665375
2002-11-20,SYN-0140,spike_slab,-0.021798816756163575,0.5027976809930462,0.24932710844041614,0.2478752105665375
2002-11-20,SYN-0140,online_mixture,-0.008910562505327846,0.5027976809930462,0.24932710844041614,0.2478752105665375
2002-11-21,SYN-0141,uniform,0.0,0.5038839125449529,0.24900701926525284,0.24710906818979422
2002-11-21,SYN-0141,sparse_single_ball,0.005652016531833226,0.5038839125449529,0.24900701926525284,0.24710906818979422
2002-11-21,SYN-0141,spike_slab,0.008704021891265512,0.5038839125449529,0.24900701926525284,0.24710906818979422
2002-11-21,SYN-0141,online_mixture,0.0035652439994144913,0.5038839125449529,0.24900701926525284,0.24710906818979422
2002-11-22,SYN-0142,uniform,0.0,0.503401300497099,0.24914591301032965,0.24745278649257135
2002-11-22,SYN-0142,sparse_single_ball,0.005834070507077627,0.503401300497099,0.24914591301032965,0.24745278649257135
2002-11-22,SYN-0142,spike_slab,0.008971549348434138,0.503401300497099,0.24914591301032965,0.24745278649257135
2002-11-22,SYN-0142,online_mixture,0.0036810231166342078,0.503401300497099,0.24914591301032965,0.24745278649257135
2002-11-23,SYN-0143,uniform,0.0,0.5029095689677817,0.2492875992161276,0.24780283181609064
2002-11-23,SYN-0143,sparse_single_ball,0.003428912803922657,0.5029095689677817,0.2492875992161276,0.24780283181609064
2002-11-23,SYN-0143,spike_slab,0.005147811914419265,0.5029095689677817,0.2492875992161276,0.24780283181609064
2002-11-23,SYN-0143,online_mixture,0.0021329077387406414,0.5029095689677817,0.2492875992161276,0.24780283181609064
2002-11-24,SYN-0144,uniform,0.0,0.5026152921622957,0.24937481278026882,0.24800989505743543
2002-11-24,SYN-0144,sparse_single_ball,-0.021460538624335612,0.5026152921622957,0.24937481278026882,0.24800989505743543
2002-11-24,SYN-0144,spike_slab,-0.03227791746101616,0.5026152921622957,0.24937481278026882,0.24800989505743543
2002-11-24,SYN-0144,online_mixture,-0.013259648456340756,0.5026152921622957,0.24937481278026882,0.24800989505743543
2002-11-25,SYN-0145,uniform,0.0,0.5042504472322321,0.24887991624223818,0.2468696365255296
2002-11-25,SYN-0145,sparse_single_ball,0.008828677713260902,0.5042504472322321,0.24887991624223818,0.2468696365255296
2002-11-25,SYN-0145,spike_slab,0.013870952010851312,0.5042504472322321,0.24887991624223818,0.2468696365255296
2002-11-25,SYN-0145,online_mixture,0.005639254530350968,0.5042504472322321,0.24887991624223818,0.2468696365255296
2002-11-26,SYN-0146,uniform,0.0,0.5035062990937091,0.24908847329934197,0.24740522760694889
2002-11-26,SYN-0146,sparse_single_ball,0.00643272995158739,0.5035062990937091,0.24908847329934197,0.24740522760694889
2002-11-26,SYN-0146,spike_slab,0.010076348032530547,0.5035062990937091,0.24908847329934197,0.24740522760694889
2002-11-26,SYN-0146,online_mixture,0.004104591562594351,0.5035062990937091,0.24908847329934197,0.24740522760694889
2002-11-27,SYN-0147,uniform,0.0,0.5029608645883258,0.2492415904256386,0.24779754498603576
2002-11-27,SYN-0147,sparse_single_ball,0.0019162223590747374,0.5029608645883258,0.2492415904256386,0.24779754498603576
2002-11-27,SYN-0147,spike_slab,0.0027180543047400363,0.5029608645883258,0.2492415904256386,0.24779754498603576
2002-11-27,SYN-0147,online_mixture,0.0011518399300030069,0.5029608645883258,0.2492415904256386,0.24779754498603576
2002-11-28,SYN-0148,uniform,0.0,0.5027879586192101,0.2492963645859456,0.2479156767948443
2002-11-28,SYN-0148,sparse_single_ball,0.014852509571621653,0.5027879586192101,0.2492963645859456,0.2479156767948443
2002-11-28,SYN-0148,spike_slab,0.023792259820325512,0.5027879586192101,0.2492963645859456,0.2479156767948443
2002-11-28,SYN-0148,online_mixture,0.009652775035061012,0.5027879586192101,0.2492963645859456,0.2479156767948443
2002-11-29,SYN-0149,uniform,0.0,0.5015651433444188,0.24962683022966461,0.24880802642591657
2002-11-29,SYN-0149,sparse_single_ball,-0.012493987807225437,0.5015651433444188,0.24962683022966461,0.24880802642591657
2002-11-29,SYN-0149,spike_slab,-0.020452189989608627,0.5015651433444188,0.24962683022966461,0.24880802642591657
2002-11-29,SYN-0149,online_mixture,-0.008169698177546536,0.5015651433444188,0.24962683022966461,0.24880802642591657
2002-11-30,SYN-0150,uniform,0.0,0.5025682193867601,0.24936528976968098,0.24806649084355886
2002-11-30,SYN-0150,sparse_single_ball,-0.019363277393829037,0.5025682193867601,0.24936528976968098,0.24806649084355886
2002-11-30,SYN-0150,spike_slab,-0.030308523079469296,0.5025682193867601,0.24936528976968098,0.24806649084355886
2002-11-30,SYN-0150,online_mixture,-0.012262695573671323,0.5025682193867601,0.24936528976968098,0.24806649084355886
2002-12-01,SYN-0151,uniform,0.0,0.5040780728370013,0.24893768952154358,0.24698423764145508
2002-12-01,SYN-0151,sparse_single_ball,0.00483256446189273,0.5040780728370013,0.24893768952154358,0.24698423764145508
2002-12-01,SYN-0151,spike_slab,0.007348313948153162,0.5040780728370013,0.24893768952154358,0.24698423764145508
2002-12-01,SYN-0151,online_mixture,0.00302294758624555,0.5040780728370013,0.24893768952154358,0.24698423764145508
2002-12-02,SYN-0152,uniform,0.0,0.5036607633097241,0.2490600643086269,0.24727917238164906
2002-12-02,SYN-0152,sparse_single_ball,-0.0020137634271222282,0.5036607633097241,0.2490600643086269,0.24727917238164906
2002-12-02,SYN-0152,spike_slab,-0.0035247156441045036,0.5036607633097241,0.2490600643086269,0.24727917238164906
2002-12-02,SYN-0152,online_mixture,-0.0013720387219144925,0.5036607633097241,0.2490600643086269,0.24727917238164906
2002-12-03,SYN-0153,uniform,0.0,0.5037953206187672,0.24902996016573478,0.24717471921549802
2002-12-03,SYN-0153,sparse_single_ball,0.005181863323045377,0.5037953206187672,0.24902996016573478,0.24717471921549802
2002-12-03,SYN-0153,spike_slab,0.007900944634020135,0.5037953206187672,0.24902996016573478,0.24717471921549802
2002-12-03,SYN-0153,online_mixture,0.0032491532811214086,0.5037953206187672,0.24902996016573478,0.24717471921549802
2002-12-04,SYN-0154,uniform,0.0,0.503352939149939,0.24915908004028048,0.24748798080978066
2002-12-04,SYN-0154,sparse_single_ball,0.003667896860619635,0.503352939149939,0.24915908004028048,0.24748798080978066
2002-12-04,SYN-0154,spike_slab,0.005414376976293767,0.503352939149939,0.24915908004028048,0.24748798080978066
2002-12-04,SYN-0154,online_mixture,0.0022566471361571416,0.503352939149939,0.24915908004028048,0.24748798080978066
2002-12-05,SYN-0155,uniform,0.0,0.5030386144072395,0.24925465984104023,0.2477067257517203
2002-12-05,SYN-0155,sparse_single_ball,0.004077264260672564,0.5030386144072395,0.24925465984104023,0.2477067257517203
2002-12-05,SYN-0155,spike_slab,0.00604075938063886,0.5030386144072395,0.24925465984104023,0.2477067257517203
2002-12-05,SYN-0155,online_mixture,0.0025160491886033753,0.5030386144072395,0.24925465984104023,0.2477067257517203
2002-12-06,SYN-0156,uniform,0.0,0.5026953940568589,0.24935860323885148,0.24794600270428954
2002-12-06,SYN-0156,sparse_single_ball,-0.0003868210690249896,0.5026953940568589,0.24935860323885148,0.24794600270428954
2002-12-06,SYN-0156,spike_slab,-0.0012542051988759795,0.5026953940568589,0.24935860323885148,0.24794600270428954
2002-12-06,SYN-0156,online_mixture,-0.00040730167791735994,0.5026953940568589,0.24935860323885148,0.24794600270428954
2002-12-07,SYN-0157,uniform,0.0,0.5027191301861055,0.24936628724335577,0.24791458257053872
2002-12-07,SYN-0157,sparse_single_ball,-0.0021825242894912833,0.5027191301861055,0.24936628724335577,0.24791458257053872
2002-12-07,SYN-0157,spike_slab,-0.004018743428265026,0.5027191301861055,0.24936628724335577,0.24791458257053872
2002-12-07,SYN-0157,online_mixture,-0.001539144199757203,0.5027191301861055,0.24936628724335577,0.24791458257053872
2002-12-08,SYN-0158,uniform,0.0,0.5028836121639096,0.2493329845320781,0.2477834033040122
2002-12-08,SYN-0158,sparse_single_ball,0.008226025330742459,0.5028836121639096,0.2493329845320781,0.2477834033040122
2002-12-08,SYN-0158,spike_slab,0.012554447499482535,0.5028836121639096,0.2493329845320781,0.2477834033040122
2002-12-08,SYN-0158,online_mixture,0.005176450315687475,0.5028836121639096,0.2493329845320781,0.2477834033040122
2002-12-09,SYN-0159,uniform,0.0,0.5022122782777368,0.24952859394897892,0.24825912777328424
2002-12-09,SYN-0159,sparse_single_ball,-0.011599961224053601,0.5022122782777368,0.24952859394897892,0.24825912777328424
2002-12-09,SYN-0159,spike_slab,-0.018619837925378135,0.5022122782777368,0.24952859394897892,0.24825912777328424
2002-12-09,SYN-0159,online_mixture,-0.007485520372878085,0.5022122782777368,0.24952859394897892,0.24825912777328424
2002-12-10,SYN-0160,uniform,0.0,0.5031244041962839,0.24928079707622072,0.24759479872749535
2002-12-10,SYN-0160,sparse_single_ball,0.003235306627434653,0.5031244041962839,0.24928079707622072,0.24759479872749535
2002-12-10,SYN-0160,spike_slab,0.004454780745327014,0.5031244041962839,0.24928079707622072,0.24759479872749535
2002-12-10,SYN-0160,online_mixture,0.0019114188969595602,0.5031244041962839,0.24928079707622072,0.24759479872749535
2002-12-11,SYN-0161,uniform,0.0,0.5028553818072113,0.2493697722550367,0.24777484593775184
2002-12-11,SYN-0161,sparse_single_ball,0.009755049934536686,0.5028553818072113,0.2493697722550367,0.24777484593775184
2002-12-11,SYN-0161,spike_slab,0.01483438377993096,0.5028553818072113,0.2493697722550367,0.24777484593775184
2002-12-11,SYN-0161,online_mixture,0.006128684582211719,0.5028553818072113,0.2493697722550367,0.24777484593775184
2002-12-12,SYN-0162,uniform,0.0,0.5020665653608014,0.24960094084447285,0.2483324937947258
2002-12-12,SYN-0162,sparse_single_ball,0.0047681737857061535,0.5020665653608014,0.24960094084447285,0.2483324937947258
2002-12-12,SYN-0162,spike_slab,0.006716002550284372,0.5020665653608014,0.24960094084447285,0.2483324937947258
2002-12-12,SYN-0162,online_mixture,0.0028622969941523024,0.5020665653608014,0.24960094084447285,0.2483324937947258
2002-12-13,SYN-0163,uniform,0.0,0.5016907592505293,0.24972289924392918,0.24858634150554154
2002-12-13,SYN-0163,sparse_single_ball,0.008677709024134117,0.5016907592505293,0.24972289924392918,0.24858634150554154
2002-12-13,SYN-0163,spike_slab,0.013002601439467298,0.5016907592505293,0.24972289924392918,0.24858634150554154
2002-12-13,SYN-0163,online_mixture,0.005415138396376307,0.5016907592505293,0.24972289924392918,0.24858634150554154
2002-12-14,SYN-0164,uniform,0.0,0.5010033910695685,0.24992813555471644,0.24906847337571505
2002-12-14,SYN-0164,sparse_single_ball,0.00654257661930302,0.5010033910695685,0.24992813555471644,0.24906847337571505
2002-12-14,SYN-0164,spike_slab,0.009429285217457561,0.5010033910695685,0.24992813555471644,0.24906847337571505
2002-12-14,SYN-0164,online_mixture,0.003992200413524216,0.5010033910695685,0.24992813555471644,0.24906847337571505
2002-12-15,SYN-0165,uniform,0.0,0.5004993665920072,0.2500870577628482,0.24941357564514458
2002-12-15,SYN-0165,sparse_single_ball,-0.004763750945624423,0.5004993665920072,0.2500870577628482,0.24941357564514458
2002-12-15,SYN-0165,spike_slab,-0.009450241946385773,0.5004993665920072,0.2500870577628482,0.24941357564514458
2002-12-15,SYN-0165,online_mixture,-0.0035406966168238796,0.5004993665920072,0.2500870577628482,0.24941357564514458
2002-12-16,SYN-0166,uniform,0.0,0.5009338794304353,0.2500108520201526,0.24905526854941196
2002-12-16,SYN-0166,sparse_single_ball,0.01026188995605537,0.5009338794304353,0.2500108520201526,0.24905526854941196
2002-12-16,SYN-0166,spike_slab,0.01526844011971562,0.5009338794304353,0.2500108520201526,0.24905526854941196
2002-12-16,SYN-0166,online_mixture,0.00639019630908777,0.5009338794304353,0.2500108520201526,0.24905526854941196
2002-12-17,SYN-0167,uniform,0.0,0.5001349452295831,0.2502514496217655,0.2496136051486514
2002-12-17,SYN-0167,sparse_single_ball,0.0016503460265759884,0.5001349452295831,0.2502514496217655,0.2496136051486514
2002-12-17,SYN-0167,spike_slab,0.0007203527453505387,0.5001349452295831,0.2502514496217655,0.2496136051486514
2002-12-17,SYN-0167,online_mixture,0.0005930412116157413,0.5001349452295831,0.2502514496217655,0.2496136051486514
2002-12-18,SYN-0168,uniform,0.0,0.500060213901033,0.25031444099852623,0.24962534510044077
2002-12-18,SYN-0168,sparse_single_ball,-0.05805825288074118,0.500060213901033,0.25031444099852623,0.24962534510044077
2002-12-18,SYN-0168,spike_slab,-0.08312921570403375,0.500060213901033,0.25031444099852623,0.24962534510044077
2002-12-18,SYN-0168,online_mixture,-0.03462358629839102,0.500060213901033,0.25031444099852623,0.24962534510044077
2002-12-19,SYN-0169,uniform,0.0,0.504425196720589,0.2488941870588446,0.2466806162205665
2002-12-19,SYN-0169,sparse_single_ball,-0.009870787818513804,0.504425196720589,0.2488941870588446,0.2466806162205665
2002-12-19,SYN-0169,spike_slab,-0.015347589226912817,0.504425196720589,0.2488941870588446,0.2466806162205665
2002-12-19,SYN-0169,online_mixture,-0.006221055224770566,0.504425196720589,0.2488941870588446,0.2466806162205665
2002-12-20,SYN-0170,uniform,0.0,0.5051602509171222,0.24868151995836163,0.2461582291245161
2002-12-20,SYN-0170,sparse_single_ball,0.005540084664197309,0.5051602509171222,0.24868151995836163,0.2461582291245161
2002-12-20,SYN-0170,spike_slab,0.00798001789566527,0.5051602509171222,0.24868151995836163,0.2461582291245161
2002-12-20,SYN-0170,online_mixture,0.0033481345289239073,0.5051602509171222,0.24868151995836163,0.2461582291245161
2002-12-21,SYN-0171,uniform,0.0,0.5046907846105912,0.24882993376561216,0.24647928162379645
2002-12-21,SYN-0171,sparse_single_ball,-0.0013883516366561821,0.5046907846105912,0.24882993376561216,0.24647928162379645
2002-12-21,SYN-0171,spike_slab,-0.002673565173090253,0.5046907846105912,0.24882993376561216,0.24647928162379645
2002-12-21,SYN-0171,online_mixture,-0.001003825705733874,0.5046907846105912,0.24882993376561216,0.24647928162379645
2002-12-22,SYN-0172,uniform,0.0,0.5047693390772932,0.24881798283561496,0.24641267808709194
2002-12-22,SYN-0172,sparse_single_ball,-0.03873388918405141,0.5047693390772932,0.24881798283561496,0.24641267808709194
2002-12-22,SYN-0172,spike_slab,-0.055580911075555406,0.5047693390772932,0.24881798283561496,0.24641267808709194
2002-12-22,SYN-0172,online_mixture,-0.02303897528545562,0.5047693390772932,0.24881798283561496,0.24641267808709194
2002-12-23,SYN-0173,uniform,0.0,0.5076359669997612,0.24787871143205067,0.2444853215681881
2002-12-23,SYN-0173,sparse_single_ball,-0.005375089473091066,0.5076359669997612,0.24787871143205067,0.2444853215681881
2002-12-23,SYN-0173,spike_slab,-0.008398688924025066,0.5076359669997612,0.24787871143205067,0.2444853215681881
2002-12-23,SYN-0173,online_mixture,-0.003379256618284643,0.5076359669997612,0.24787871143205067,0.2444853215681881
2002-12-24,SYN-0174,uniform,0.0,0.5079849663036713,0.24777780806999694,0.2442372256263317
2002-12-24,SYN-0174,sparse_single_ball,0.007171855610568656,0.5079849663036713,0.24777780806999694,0.2442372256263317
2002-12-24,SYN-0174,spike_slab,0.010534494197290911,0.5079849663036713,0.24777780806999694,0.2442372256263317
2002-12-24,SYN-0174,online_mixture,0.004360409328601378,0.5079849663036713,0.24777780806999694,0.2442372256263317
2002-12-25,SYN-0175,uniform,0.0,0.5073581832931807,0.2479729843564808,0.2446688323503386
2002-12-25,SYN-0175,sparse_single_ball,0.006236092771196411,0.5073581832931807,0.2479729843564808,0.2446688323503386
2002-12-25,SYN-0175,spike_slab,0.009120806804205017,0.5073581832931807,0.2479729843564808,0.2446688323503386
2002-12-25,SYN-0175,online_mixture,0.0037858240364876394,0.5073581832931807,0.2479729843564808,0.2446688323503386
2002-12-26,SYN-0176,uniform,0.0,0.5068101760824242,0.24814404393705364,0.24504577998052232
2002-12-26,SYN-0176,sparse_single_ball,-0.00771247090820637,0.5068101760824242,0.24814404393705364,0.24504577998052232
2002-12-26,SYN-0176,spike_slab,-0.011591993915722298,0.5068101760824242,0.24814404393705364,0.24504577998052232
2002-12-26,SYN-0176,online_mixture,-0.004741836026845192,0.5068101760824242,0.24814404393705364,0.24504577998052232
2002-12-27,SYN-0177,uniform,0.0,0.5073384023824045,0.24798080473667175,0.2446807928809239
2002-12-27,SYN-0177,sparse_single_ball,0.0006803562966553045,0.5073384023824045,0.24798080473667175,0.2446807928809239
2002-12-27,SYN-0177,spike_slab,0.0005793592699667727,0.5073384023824045,0.24798080473667175,0.2446807928809239
2002-12-27,SYN-0177,online_mixture,0.00031052364867178994,0.5073384023824045,0.24798080473667175,0.2446807928809239
2002-12-28,SYN-0178,uniform,0.0,0.5072260333134528,0.24802369862340587,0.2447502680631413
2002-12-28,SYN-0178,sparse_single_ball,0.00589836014581735,0.5072260333134528,0.24802369862340587,0.2447502680631413
2002-12-28,SYN-0178,spike_slab,0.008499359901694703,0.5072260333134528,0.24802369862340587,0.2447502680631413
2002-12-28,SYN-0178,online_mixture,0.0035500332014031244,0.5072260333134528,0.24802369862340587,0.2447502680631413
2002-12-29,SYN-0179,uniform,0.0,0.5067089522428422,0.24818797497591605,0.24510307278124177
2002-12-29,SYN-0179,sparse_single_ball,0.0032329552641279236,0.5067089522428422,0.24818797497591605,0.24510307278124177
2002-12-29,SYN-0179,spike_slab,0.004484473584245308,0.5067089522428422,0.24818797497591605,0.24510307278124177
2002-12-29,SYN-0179,online_mixture,0.0019034927736178986,0.5067089522428422,0.24818797497591605,0.24510307278124177
2002-12-30,SYN-0180,uniform,0.0,0.5064033852931873,0.24828786310652537,0.24530875160028726
2002-12-30,SYN-0180,sparse_single_ball,0.002338264011005009,0.5064033852931873,0.24828786310652537,0.24530875160028726
2002-12-30,SYN-0180,spike_slab,0.0030080554448623786,0.5064033852931873,0.24828786310652537,0.24530875160028726
2002-12-30,SYN-0180,online_mixture,0.0013193843529712979,0.5064033852931873,0.24828786310652537,0.24530875160028726
2002-12-31,SYN-0181,uniform,0.0,0.5061741002879487,0.24836764626242205,0.2454582534496293
2002-12-31,SYN-0181,sparse_single_ball,0.007063181759974668,0.5061741002879487,0.24836764626242205,0.2454582534496293
2002-12-31,SYN-0181,spike_slab,0.01020079432304044,0.5061741002879487,0.24836764626242205,0.2454582534496293
2002-12-31,SYN-0181,online_mixture,0.004268038163843357,0.5061741002879487,0.24836764626242205,0.2454582534496293
2003-01-01,SYN-0182,uniform,0.0,0.5055788823418059,0.248556307019639,0.24586481063855506
2003-01-01,SYN-0182,sparse_single_ball,0.005082988394200072,0.5055788823418059,0.248556307019639,0.24586481063855506
2003-01-01,SYN-0182,spike_slab,0.0071306208663166615,0.5055788823418059,0.248556307019639,0.24586481063855506
2003-01-01,SYN-0182,online_mixture,0.0030214901384510995,0.5055788823418059,0.248556307019639,0.24586481063855506
2003-01-02,SYN-0183,uniform,0.0,0.5051456155887681,0.24869782202150476,0.24615656238972713
2003-01-02,SYN-0183,sparse_single_ball,-0.0323451928173526,0.5051456155887681,0.24869782202150476,0.24615656238972713
2003-01-02,SYN-0183,spike_slab,-0.04497458053938175,0.5051456155887681,0.24869782202150476,0.24615656238972713
2003-01-02,SYN-0183,online_mixture,-0.01891883981325293,0.5051456155887681,0.24869782202150476,0.24615656238972713
2003-01-03,SYN-0184,uniform,0.0,0.5074835346439126,0.24789482210089578,0.24462164325519162
2003-01-03,SYN-0184,sparse_single_ball,-0.006661174300788275,0.5074835346439126,0.24789482210089578,0.24462164325519162
2003-01-03,SYN-0184,spike_slab,-0.009883599523703879,0.5074835346439126,0.24789482210089578,0.24462164325519162
2003-01-03,SYN-0184,online_mixture,-0.004059846769489894,0.5074835346439126,0.24789482210089578,0.24462164325519162
2003-01-04,SYN-0185,uniform,0.0,0.5079197480230156,0.24775674547657306,0.24432350650041132
2003-01-04,SYN-0185,sparse_single_ball,0.003156340642853195,0.5079197480230156,0.24775674547657306,0.24432350650041132
2003-01-04,SYN-0185,spike_slab,0.00444928562599145,0.5079197480230156,0.24775674547657306,0.24432350650041132
2003-01-04,SYN-0185,online_mixture,0.0018709757418129414,0.5079197480230156,0.24775674547657306,0.24432350650041132
2003-01-05,SYN-0186,uniform,0.0,0.5076055845463128,0.24785809668565023,0.244536318768037
2003-01-05,SYN-0186,sparse_single_ball,-0.0050622643933913025,0.5076055845463128,0.24785809668565023,0.244536318768037
2003-01-05,SYN-0186,spike_slab,-0.007768146131187592,0.5076055845463128,0.24785809668565023,0.244536318768037
2003-01-05,SYN-0186,online_mixture,-0.0031487395458498213,0.5076055845463128,0.24785809668565023,0.244536318768037
2003-01-06,SYN-0187,uniform,0.0,0.5079257940045858,0.24776241531476398,0.24431179068065023
2003-01-06,SYN-0187,sparse_single_ball,0.006884336413254033,0.5079257940045858,0.24776241531476398,0.24431179068065023
2003-01-06,SYN-0187,spike_slab,0.009978159628630578,0.5079257940045858,0.24776241531476398,0.24431179068065023
2003-01-06,SYN-0187,online_mixture,0.004152914142455444,0.5079257940045858,0.24776241531476398,0.24431179068065023
2003-01-07,SYN-0188,uniform,0.0,0.5073256277017075,0.24795277749637445,0.24472159480191802
2003-01-07,SYN-0188,sparse_single_ball,0.0037746953784854043,0.5073256277017075,0.24795277749637445,0.24472159480191802
2003-01-07,SYN-0188,spike_slab,0.005313810128420471,0.5073256277017075,0.24795277749637445,0.24472159480191802
2003-01-07,SYN-0188,online_mixture,0.0022390715585096643,0.5073256277017075,0.24795277749637445,0.24472159480191802
2003-01-08,SYN-0189,uniform,0.0,0.5069715614816905,0.2480676317577285,0.24496080676058093
2003-01-08,SYN-0189,sparse_single_ball,0.003389643123824726,0.5069715614816905,0.2480676317577285,0.24496080676058093
2003-01-08,SYN-0189,spike_slab,0.004699428909688663,0.5069715614816905,0.2480676317577285,0.24496080676058093
2003-01-08,SYN-0189,online_mixture,0.0019941828316163424,0.5069715614816905,0.2480676317577285,0.24496080676058093
2003-01-09,SYN-0190,uniform,0.0,0.5066518890949595,0.2481727459621759,0.24517536494286454
2003-01-09,SYN-0190,sparse_single_ball,0.0018541641742473303,0.5066518890949595,0.2481727459621759,0.24517536494286454
2003-01-09,SYN-0190,spike_slab,0.002284600195217479,0.5066518890949595,0.2481727459621759,0.24517536494286454
2003-01-09,SYN-0190,online_mixture,0.0010208266651616782,0.5066518890949595,0.2481727459621759,0.24517536494286454
2003-01-10,SYN-0191,uniform,0.0,0.5064574299403768,0.24824223487654778,0.24530033518307537
2003-01-10,SYN-0191,sparse_single_ball,0.00597015612120444,0.5064574299403768,0.24824223487654778,0.24530033518307537
2003-01-10,SYN-0191,spike_slab,0.008519078246010281,0.5064574299403768,0.24824223487654778,0.24530033518307537
2003-01-10,SYN-0191,online_mixture,0.003578725828390361,0.5064574299403768,0.24824223487654778,0.24530033518307537
2003-01-11,SYN-0192,uniform,0.0,0.5059451220234215,0.24840710620578887,0.24564777177078953
2003-01-11,SYN-0192,sparse_single_ball,-0.0007531932936082342,0.5059451220234215,0.24840710620578887,0.24564777177078953
2003-01-11,SYN-0192,spike_slab,-0.0017238755549016105,0.5059451220234215,0.24840710620578887,0.24564777177078953
2003-01-11,SYN-0192,online_mixture,-0.000610315725246835,0.5059451220234215,0.24840710620578887,0.24564777177078953
2003-01-12,SYN-0193,uniform,0.0,0.5059621246248535,0.24841426256137472,0.2456236128137719
2003-01-12,SYN-0193,sparse_single_ball,0.006273903930530622,0.5059621246248535,0.24841426256137472,0.2456236128137719
2003-01-12,SYN-0193,spike_slab,0.008889020671944081,0.5059621246248535,0.24841426256137472,0.2456236128137719
2003-01-12,SYN-0193,online_mixture,0.0037494745358159776,0.5059621246248535,0.24841426256137472,0.2456236128137719
2003-01-13,SYN-0194,uniform,0.0,0.5054339056683126,0.2485857276420671,0.24598036668962037
2003-01-13,SYN-0194,sparse_single_ball,0.005284724685026276,0.5054339056683126,0.2485857276420671,0.24598036668962037
2003-01-13,SYN-0194,spike_slab,0.007314825541019587,0.5054339056683126,0.2485857276420671,0.24598036668962037
2003-01-13,SYN-0194,online_mixture,0.003118218184521737,0.5054339056683126,0.2485857276420671,0.24598036668962037
2003-01-14,SYN-0195,uniform,0.0,0.5049901336704372,0.24873344115045426,0.24627642517910853
2003-01-14,SYN-0195,sparse_single_ball,-0.03697975780880114,0.5049901336704372,0.24873344115045426,0.24627642517910853
2003-01-14,SYN-0195,spike_slab,-0.05115224781609484,0.5049901336704372,0.24873344115045426,0.24627642517910853
2003-01-14,SYN-0195,online_mixture,-0.021541283512444664,0.5049901336704372,0.24873344115045426,0.24627642517910853
2003-01-15,SYN-0196,uniform,0.0,0.5076638031499676,0.24780922009290413,0.24452697675712834
2003-01-15,SYN-0196,sparse_single_ball,0.008547008003507273,0.5076638031499676,0.24780922009290413,0.24452697675712834
2003-01-15,SYN-0196,spike_slab,0.012497072060906333,0.5076638031499676,0.24780922009290413,0.24452697675712834
2003-01-15,SYN-0196,online_mixture,0.0051886659522857315,0.5076638031499676,0.24780922009290413,0.24452697675712834
2003-01-16,SYN-0197,uniform,0.0,0.50693703847824,0.24803787077300612,0.24502509074875398
2003-01-16,SYN-0197,sparse_single_ball,0.0019849316625695224,0.50693703847824,0.24803787077300612,0.24502509074875398
2003-01-16,SYN-0197,spike_slab,0.002656393812955571,0.50693703847824,0.24803787077300612,0.24502509074875398
2003-01-16,SYN-0197,online_mixture,0.0011439210503425556,0.50693703847824,0.24803787077300612,0.24502509074875398
2003-01-17,SYN-0198,uniform,0.0,0.5067242301898123,0.2481091588298956,0.2451666109802921
2003-01-17,SYN-0198,sparse_single_ball,0.0016808661002869485,0.5067242301898123,0.2481091588298956,0.2451666109802921
2003-01-17,SYN-0198,spike_slab,0.0022110106903490134,0.5067242301898123,0.2481091588298956,0.2451666109802921
2003-01-17,SYN-0198,online_mixture,0.0009595941022837451,0.5067242301898123,0.2481091588298956,0.2451666109802921
2003-01-18,SYN-0199,uniform,0.0,0.5065367016137449,0.24817238496036265,0.24529091342589252
2003-01-18,SYN-0199,sparse_single_ball,-0.02541291527838041,0.5065367016137449,0.24817238496036265,0.24529091342589252
2003-01-18,SYN-0199,spike_slab,-0.03574348627123669,0.5065367016137449,0.24817238496036265,0.24529091342589252
2003-01-18,SYN-0199,online_mixture,-0.014951247692899017,0.5065367016137449,0.24817238496036265,0.24529091342589252
2003-01-19,SYN-0200,uniform,0.0,0.5083608616601547,0.24755457134163686,0.24408456699820846
2003-01-19,SYN-0200,sparse_single_ball,-0.0013942627844834021,0.5083608616601547,0.24755457134163686,0.24408456699820846
2003-01-19,SYN-0200,spike_slab,-0.0021960137889038833,0.5083608616601547,0.24755457134163686,0.24408456699820846
2003-01-19,SYN-0200,online_mixture,-0.0008807283052263415,0.5083608616601547,0.24755457134163686,0.24408456699820846
2003-01-20,SYN-0201,uniform,0.0,0.508388119487553,0.24754758377253216,0.24406429673991484
2003-01-20,SYN-0201,sparse_single_ball,0.0017997295422702564,0.508388119487553,0.24754758377253216,0.24406429673991484
2003-01-20,SYN-0201,spike_slab,0.00248354754840463,0.508388119487553,0.24754758377253216,0.24406429673991484
2003-01-20,SYN-0201,online_mixture,0.0010522646268178448,0.508388119487553,0.24754758377253216,0.24406429673991484
2003-01-21,SYN-0202,uniform,0.0,0.5081719100630557,0.24761793552019729,0.24421015441674704
2003-01-21,SYN-0202,sparse_single_ball,-0.0016276903936365272,0.5081719100630557,0.24761793552019729,0.24421015441674704
2003-01-21,SYN-0202,spike_slab,-0.002589197963821732,0.5081719100630557,0.24761793552019729,0.24421015441674704
2003-01-21,SYN-0202,online_mixture,-0.0010347432132249423,0.5081719100630557,0.24761793552019729,0.24421015441674704
2003-01-22,SYN-0203,uniform,0.0,0.5082204076937702,0.24760544788869737,0.2441741444175324
2003-01-22,SYN-0203,sparse_single_ball,-0.003173579286464445,0.5082204076937702,0.24760544788869737,0.2441741444175324
2003-01-22,SYN-0203,spike_slab,-0.00486940747461162,0.5082204076937702,0.24760544788869737,0.2441741444175324
2003-01-22,SYN-0203,online_mixture,-0.0019725874930891507,0.5082204076937702,0.24760544788869737,0.2441741444175324
2003-01-23,SYN-0204,uniform,0.0,0.5083865926674559,0.24755590554747203,0.24405750178507218
2003-01-23,SYN-0204,sparse_single_ball,0.0011571191908430478,0.5083865926674559,0.24755590554747203,0.24405750178507218
2003-01-23,SYN-0204,spike_slab,0.0014846649628275088,0.5083865926674559,0.24755590554747203,0.24405750178507218
2003-01-23,SYN-0204,online_mixture,0.0006490195580859393,0.5083865926674559,0.24755590554747203,0.24405750178507218
2003-01-24,SYN-0205,uniform,0.0,0.5082210911959842,0.2476114900839293,0.24416741872008643
2003-01-24,SYN-0205,sparse_single_ball,-0.018145670054614982,0.5082210911959842,0.2476114900839293,0.24416741872008643
2003-01-24,SYN-0205,spike_slab,-0.025216502714823008,0.5082210911959842,0.2476114900839293,0.24416741872008643
2003-01-24,SYN-0205,online_mixture,-0.010588484771862028,0.5082210911959842,0.2476114900839293,0.24416741872008643
2003-01-25,SYN-0206,uniform,0.0,0.5094783437197725,0.2471755063798591,0.24334614990036843
2003-01-25,SYN-0206,sparse_single_ball,0.0006577750364904489,0.5094783437197725,0.2471755063798591,0.24334614990036843
2003-01-25,SYN-0206,spike_slab,0.0008943931479734601,0.5094783437197725,0.2471755063798591,0.24334614990036843
2003-01-25,SYN-0206,online_mixture,0.0003803115234539689,0.5094783437197725,0.2471755063798591,0.24334614990036843
2003-01-26,SYN-0207,uniform,0.0,0.5093356142670193,0.24722072959817662,0.2434436561348041
2003-01-26,SYN-0207,sparse_single_ball,0.007043006855045775,0.5093356142670193,0.24722072959817662,0.2434436561348041
2003-01-26,SYN-0207,spike_slab,0.010076579499337157,0.5093356142670193,0.24722072959817662,0.2434436561348041
2003-01-26,SYN-0207,online_mixture,0.004203954559674372,0.5093356142670193,0.24722072959817662,0.2434436561348041
2003-01-27,SYN-0208,uniform,0.0,0.508713499628633,0.2474227428183682,0.2438637575529987
2003-01-27,SYN-0208,sparse_single_ball,0.005546151205013672,0.508713499628633,0.2474227428183682,0.2438637575529987
2003-01-27,SYN-0208,spike_slab,0.00792895225356105,0.508713499628633,0.2474227428183682,0.2438637575529987
2003-01-27,SYN-0208,online_mixture,0.003311836173953253,0.508713499628633,0.2474227428183682,0.2438637575529987
2003-01-28,SYN-0209,uniform,0.0,0.5082101221158517,0.24758565275938596,0.24420422512476234
2003-01-28,SYN-0209,sparse_single_ball,0.004919362110726411,0.5082101221158517,0.24758565275938596,0.24420422512476234
2003-01-28,SYN-0209,spike_slab,0.007046323688324918,0.5082101221158517,0.24758565275938596,0.24420422512476234
2003-01-28,SYN-0209,online_mixture,0.0029434467401578956,0.5082101221158517,0.24758565275938596,0.24420422512476234
2003-01-29,SYN-0210,uniform,0.0,0.5077583714148464,0.2477311232130196,0.24451050537213403
2003-01-29,SYN-0210,sparse_single_ball,-0.010703298045076082,0.5077583714148464,0.2477311232130196,0.24451050537213403
2003-01-29,SYN-0210,spike_slab,-0.014987493525460138,0.5077583714148464,0.2477311232130196,0.24451050537213403
2003-01-29,SYN-0210,online_mixture,-0.006294443653935389,0.5077583714148464,0.2477311232130196,0.24451050537213403
2003-01-30,SYN-0211,uniform,0.0,0.5084744823034143,0.2474846353096107,0.24404088238697513
2003-01-30,SYN-0211,sparse_single_ball,0.004599998218328238,0.5084744823034143,0.2474846353096107,0.24404088238697513
2003-01-30,SYN-0211,spike_slab,0.006619958343613064,0.5084744823034143,0.2474846353096107,0.24404088238697513
2003-01-30,SYN-0211,online_mixture,0.002758143808588187,0.5084744823034143,0.2474846353096107,0.24404088238697513
2003-01-31,SYN-0212,uniform,0.0,0.5080431455579689,0.24762282489437135,0.24433402954765984
2003-01-31,SYN-0212,sparse_single_ball,-0.01289742239200109,0.5080431455579689,0.24762282489437135,0.24433402954765984
2003-01-31,SYN-0212,spike_slab,-0.018529779469389496,0.5080431455579689,0.24762282489437135,0.24433402954765984
2003-01-31,SYN-0212,online_mixture,-0.007688436825205258,0.5080431455579689,0.24762282489437135,0.24433402954765984
2003-02-01,SYN-0213,uniform,0.0,0.5089334837739629,0.24732906473004598,0.2437374514959913
2003-02-01,SYN-0213,sparse_single_ball,0.0052988442066777,0.5089334837739629,0.24732906473004598,0.2437374514959913
2003-02-01,SYN-0213,spike_slab,0.007602883447841435,0.5089334837739629,0.24732906473004598,0.2437374514959913
2003-02-01,SYN-0213,online_mixture,0.0031691791893315724,0.5089334837739629,0.24732906473004598,0.2437374514959913
2003-02-02,SYN-0214,uniform,0.0,0.5084456344247739,0.2474864272672653,0.24406793830796078
2003-02-02,SYN-0214,sparse_single_ball,0.005752300953204781,0.5084456344247739,0.2474864272672653,0.24406793830796078
2003-02-02,SYN-0214,spike_slab,0.008250278988491289,0.5084456344247739,0.2474864272672653,0.24406793830796078
2003-02-02,SYN-0214,online_mixture,0.0034437402953919616,0.5084456344247739,0.2474864272672653,0.24406793830796078
2003-02-03,SYN-0215,uniform,0.0,0.5079286158201817,0.24765330840442978,0.24441807577538852
2003-02-03,SYN-0215,sparse_single_ball,0.0017453406401806149,0.5079286158201817,0.24765330840442978,0.24441807577538852
2003-02-03,SYN-0215,spike_slab,0.0024767741306668256,0.5079286158201817,0.24765330840442978,0.24441807577538852
2003-02-03,SYN-0215,online_mixture,0.001038196360283905,0.5079286158201817,0.24765330840442978,0.24441807577538852
2003-02-04,SYN-0216,uniform,0.0,0.5077188879951259,0.24772015005447304,0.244560961950401
2003-02-04,SYN-0216,sparse_single_ball,0.0012712222219626312,0.5077188879951259,0.24772015005447304,0.244560961950401
2003-02-04,SYN-0216,spike_slab,0.001867767992653313,0.5077188879951259,0.24772015005447304,0.244560961950401
2003-02-04,SYN-0216,online_mixture,0.0007720195044278455,0.5077188879951259,0.24772015005447304,0.244560961950401
2003-02-05,SYN-0217,uniform,0.0,0.5075447271795687,0.24777357208136003,0.2446817007390713
2003-02-05,SYN-0217,sparse_single_ball,-0.004937211490769755,0.5075447271795687,0.24777357208136003,0.2446817007390713
2003-02-05,SYN-0217,spike_slab,-0.007260862208141816,0.5075447271795687,0.24777357208136003,0.2446817007390713
2003-02-05,SYN-0217,online_mixture,-0.0029949418557535523,0.5075447271795687,0.24777357208136003,0.2446817007390713
2003-02-06,SYN-0218,uniform,0.0,0.5078461058028383,0.24767698601442228,0.24447690818273934
2003-02-06,SYN-0218,sparse_single_ball,0.005871874680760669,0.5078461058028383,0.24767698601442228,0.24447690818273934
2003-02-06,SYN-0218,spike_slab,0.008479955272882478,0.5078461058028383,0.24767698601442228,0.24447690818273934
2003-02-06,SYN-0218,online_mixture,0.0035343215994956267,0.5078461058028383,0.24767698601442228,0.24447690818273934
2003-02-07,SYN-0219,uniform,0.0,0.507324249593217,0.24784386484113988,0.24483188556564323
2003-02-07,SYN-0219,sparse_single_ball,-0.0008488121901173429,0.507324249593217,0.24784386484113988,0.24483188556564323
2003-02-07,SYN-0219,spike_slab,-0.0013460142707266698,0.507324249593217,0.24784386484113988,0.24483188556564323
2003-02-07,SYN-0219,online_mixture,-0.0005397548006094155,0.507324249593217,0.24784386484113988,0.24483188556564323
2003-02-08,SYN-0220,uniform,0.0,0.5073188003371417,0.2478464765299057,0.24483472313295254
2003-02-08,SYN-0220,sparse_single_ball,0.004157874876710821,0.5073188003371417,0.2478464765299057,0.24483472313295254
2003-02-08,SYN-0220,spike_slab,0.0059726673466222735,0.5073188003371417,0.2478464765299057,0.24483472313295254
2003-02-08,SYN-0220,online_mixture,0.002496233828033212,0.5073188003371417,0.2478464765299057,0.24483472313295254
2003-02-09,SYN-0221,uniform,0.0,0.5069325997537245,0.24797011795312063,0.24509728229315486
2003-02-09,SYN-0221,sparse_single_ball,0.0028759430993758883,0.5069325997537245,0.24797011795312063,0.24509728229315486
2003-02-09,SYN-0221,spike_slab,0.004084352901614352,0.5069325997537245,0.24797011795312063,0.24509728229315486
2003-02-09,SYN-0221,online_mixture,0.0017158125024465676,0.5069325997537245,0.24797011795312063,0.24509728229315486
2003-02-10,SYN-0222,uniform,0.0,0.5066481946711954,0.24806170104116132,0.24529010428764328
2003-02-10,SYN-0222,sparse_single_ball,-0.0002989018744905536,0.5066481946711954,0.24806170104116132,0.24529010428764328
2003-02-10,SYN-0222,spike_slab,-0.0004894508060608871,0.5066481946711954,0.24806170104116132,0.24529010428764328
2003-02-10,SYN-0222,online_mixture,-0.00019418194237275088,0.5066481946711954,0.24806170104116132,0.24529010428764328
2003-02-11,SYN-0223,uniform,0.0,0.5066060648752312,0.24807465580106702,0.24531927932370173
2003-02-11,SYN-0223,sparse_single_ball,0.001515802328835747,0.5066060648752312,0.24807465580106702,0.24531927932370173
2003-02-11,SYN-0223,spike_slab,0.0020527884237679928,0.5066060648752312,0.24807465580106702,0.24531927932370173
2003-02-11,SYN-0223,online_mixture,0.0008800357461495878,0.5066060648752312,0.24807465580106702,0.24531927932370173
2003-02-12,SYN-0224,uniform,0.0,0.5064297121015034,0.24813296656031875,0.24543732133817775
2003-02-12,SYN-0224,sparse_single_ball,0.004958635188515359,0.5064297121015034,0.24813296656031875,0.24543732133817775
2003-02-12,SYN-0224,spike_slab,0.007143104428141811,0.5064297121015034,0.24813296656031875,0.24543732133817775
2003-02-12,SYN-0224,online_mixture,0.0029884475437604863,0.5064297121015034,0.24813296656031875,0.24543732133817775
2003-02-13,SYN-0225,uniform,0.0,0.5059914355750322,0.24827288572902512,0.2457356786959426
2003-02-13,SYN-0225,sparse_single_ball,0.0036552908118316907,0.5059914355750322,0.24827288572902512,0.2457356786959426
2003-02-13,SYN-0225,spike_slab,0.005206353206457237,0.5059914355750322,0.24827288572902512,0.2457356786959426
2003-02-13,SYN-0225,online_mixture,0.002189494528796132,0.5059914355750322,0.24827288572902512,0.2457356786959426
2003-02-14,SYN-0226,uniform,0.0,0.5056576434529615,0.24838036273890068,0.24596199380813782
2003-02-14,SYN-0226,sparse_single_ball,0.0008157515879680943,0.5056576434529615,0.24838036273890068,0.24596199380813782
2003-02-14,SYN-0226,spike_slab,0.0009731011283591329,0.5056576434529615,0.24838036273890068,0.24596199380813782
2003-02-14,SYN-0226,online_mixture,0.00044206400091795217,0.5056576434529615,0.24838036273890068,0.24596199380813782
2003-02-15,SYN-0227,uniform,0.0,0.5055457551674416,0.2484195369845815,0.24603470784797685
2003-02-15,SYN-0227,sparse_single_ball,0.0028641314101491844,0.5055457551674416,0.2484195369845815,0.24603470784797685
2003-02-15,SYN-0227,spike_slab,0.003982381376903987,0.5055457551674416,0.2484195369845815,0.24603470784797685
2003-02-15,SYN-0227,online_mixture,0.0016928500240922517,0.5055457551674416,0.2484195369845815,0.24603470784797685
2003-02-16,SYN-0228,uniform,0.0,0.505278673116455,0.24850743805797168,0.24621388882557338
2003-02-16,SYN-0228,sparse_single_ball,-0.00850804471015465,0.505278673116455,0.24850743805797168,0.24621388882557338
2003-02-16,SYN-0228,spike_slab,-0.012771529011242677,0.505278673116455,0.24850743805797168,0.24621388882557338
2003-02-16,SYN-0228,online_mixture,-0.005243600011127114,0.505278673116455,0.24850743805797168,0.24621388882557338
2003-02-17,SYN-0229,uniform,0.0,0.5058834936334959,0.24832236635416904,0.2457941400123352
2003-02-17,SYN-0229,sparse_single_ball,-0.0024391866513511218,0.5058834936334959,0.24832236635416904,0.2457941400123352
2003-02-17,SYN-0229,spike_slab,-0.003881454608336554,0.5058834936334959,0.24832236635416904,0.2457941400123352
2003-02-17,SYN-0229,online_mixture,-0.0015583697774097516,0.5058834936334959,0.24832236635416904,0.2457941400123352
2003-02-18,SYN-0230,uniform,0.0,0.50601994324769,0.24828507713462505,0.24569497961768497
2003-02-18,SYN-0230,sparse_single_ball,0.006707808030462559,0.50601994324769,0.24828507713462505,0.24569497961768497
2003-02-18,SYN-0230,spike_slab,0.009566118868999496,0.50601994324769,0.24828507713462505,0.24569497961768497
2003-02-18,SYN-0230,online_mixture,0.004024562636555373,0.50601994324769,0.24828507713462505,0.24569497961768497
2003-02-19,SYN-0231,uniform,0.0,0.5054567840042362,0.2484675729361126,0.24607564305965116
2003-02-19,SYN-0231,sparse_single_ball,-0.024413890375448943,0.5054567840042362,0.2484675729361126,0.24607564305965116
2003-02-19,SYN-0231,spike_slab,-0.03382186765110262,0.5054567840042362,0.2484675729361126,0.24607564305965116
2003-02-19,SYN-0231,online_mixture,-0.01427761880010081,0.5054567840042362,0.2484675729361126,0.24607564305965116
2003-02-20,SYN-0232,uniform,0.0,0.5072020122749886,0.24786546271475726,0.2449325250102542
2003-02-20,SYN-0232,sparse_single_ball,0.0038785156222580497,0.5072020122749886,0.24786546271475726,0.2449325250102542
2003-02-20,SYN-0232,spike_slab,0.005499535743524575,0.5072020122749886,0.24786546271475726,0.2449325250102542
2003-02-20,SYN-0232,online_mixture,0.0023112696992839687,0.5072020122749886,0.24786546271475726,0.2449325250102542
2003-02-21,SYN-0233,uniform,0.0,0.5068402098059863,0.2479831059856421,0.2451766842083716
2003-02-21,SYN-0233,sparse_single_ball,0.0007539112918593105,0.5068402098059863,0.2479831059856421,0.2451766842083716
2003-02-21,SYN-0233,spike_slab,0.0009168052979582342,0.5068402098059863,0.2479831059856421,0.2451766842083716
2003-02-21,SYN-0233,online_mixture,0.00041182529835737114,0.5068402098059863,0.2479831059856421,0.2451766842083716
2003-02-22,SYN-0234,uniform,0.0,0.5067201581352293,0.24802427571729585,0.2452555661474749
2003-02-22,SYN-0234,sparse_single_ball,0.009059370696121505,0.5067201581352293,0.24802427571729585,0.2452555661474749
2003-02-22,SYN-0234,spike_slab,0.013008600691058803,0.5067201581352293,0.24802427571729585,0.2452555661474749
2003-02-22,SYN-0234,online_mixture,0.005453528582552991,0.5067201581352293,0.24802427571729585,0.2452555661474749
2003-02-23,SYN-0235,uniform,0.0,0.5059709953207231,0.24826622542962168,0.24576277924965517
2003-02-23,SYN-0235,sparse_single_ball,0.000982419809997026,0.5059709953207231,0.24826622542962168,0.24576277924965517
2003-02-23,SYN-0235,spike_slab,0.0012488601419100576,0.5059709953207231,0.24826622542962168,0.24576277924965517
2003-02-23,SYN-0235,online_mixture,0.0005509847555238423,0.5059709953207231,0.24826622542962168,0.24576277924965517
2003-02-24,SYN-0236,uniform,0.0,0.5058423065015497,0.24831008187947323,0.24584761161897714
2003-02-24,SYN-0236,sparse_single_ball,0.0011219957638637368,0.5058423065015497,0.24831008187947323,0.24584761161897714
2003-02-24,SYN-0236,spike_slab,0.001417667102849407,0.5058423065015497,0.24831008187947323,0.24584761161897714
2003-02-24,SYN-0236,online_mixture,0.0006273396333185133,0.5058423065015497,0.24831008187947323,0.24584761161897714
2003-02-25,SYN-0237,uniform,0.0,0.5057053686064543,0.24835739242491003,0.24593723896863567
2003-02-25,SYN-0237,sparse_single_ball,0.006796828473383698,0.5057053686064543,0.24835739242491003,0.24593723896863567
2003-02-25,SYN-0237,spike_slab,0.009722697930126145,0.5057053686064543,0.24835739242491003,0.24593723896863567
2003-02-25,SYN-0237,online_mixture,0.004088259528526095,0.5057053686064543,0.24835739242491003,0.24593723896863567
2003-02-26,SYN-0238,uniform,0.0,0.5051377293765481,0.24854078365595694,0.2463214869674951
2003-02-26,SYN-0238,sparse_single_ball,0.010937118807461843,0.5051377293765481,0.24854078365595694,0.2463214869674951
2003-02-26,SYN-0238,spike_slab,0.015850135992753422,0.5051377293765481,0.24854078365595694,0.2463214869674951
2003-02-26,SYN-0238,online_mixture,0.00664643760632444,0.5051377293765481,0.24854078365595694,0.2463214869674951
2003-02-27,SYN-0239,uniform,0.0,0.5042583303437798,0.24882055713688844,0.24692111251933166
2003-02-27,SYN-0239,sparse_single_ball,-0.0008599525328492064,0.5042583303437798,0.24882055713688844,0.24692111251933166
2003-02-27,SYN-0239,spike_slab,-0.0015208532535524455,0.5042583303437798,0.24882055713688844,0.24692111251933166
2003-02-27,SYN-0239,online_mixture,-0.0005893008531181465,0.5042583303437798,0.24882055713688844,0.24692111251933166
2003-02-28,SYN-0240,uniform,0.0,0.5042893186026837,0.2488156939750142,0.2468949874223021
2003-02-28,SYN-0240,sparse_single_ball,-0.019026632376643704,0.5042893186026837,0.2488156939750142,0.2468949874223021
2003-02-28,SYN-0240,spike_slab,-0.026499031510926585,0.5042893186026837,0.2488156939750142,0.2468949874223021
2003-02-28,SYN-0240,online_mixture,-0.011208507105038734,0.5042893186026837,0.2488156939750142,0.2468949874223021
